id,vendors,name,city,website,fb_link,bike_brands,prodaja,servis,rent,note,eq_brands
,alanprim,Alan Prim Zagreb,Zagreb,http://www.alanprim.hr,https://www.facebook.com/pg/alanprimbikeshop/,,1,1,0,,Mavic
ChIJU-verXr6YUcRr_WF-A3E6bM,autohrvatska,Auto-Hrvatska,Zadar,http://www.autohrvatska.com/,,"Apache, Giant, Haibike, KTM, Rock Machine, Scott, Torpado, Winora",1,1,0,,
ChIJ6wKo_LmtaEcR9DqaBQwGmZo,beciklin,Beciklin,?akovec,http://www.prodaja-bicikla.com/,https://www.facebook.com/TrgovinaBeciklin,"Corratec, CTM, Kreidler, Trek, Fuji",1,1,0,,
ChIJqRyVat_qTRMR2og7IWI9kcM,bejkerajcg,BAJKERAJ,Podgorica,http://www.bajkeraj.me/,http://www.facebook.com/Bajkeraj/,"Cinzia, CTM, Cube, Itrike, Jumpertrek, Lombardo, MS, Orbea, Ridley",1,1,0,,
ChIJt-bITN_IWEcR4CkrzUt8hIo,beosport,Beosport,Sarajevo,http://www.beosport.com/,,"Specialized, Alpina, Carrera",1,1,0,,
ChIJufvusltlWkcRWg0o9v__g_o,beosport,Beosport,Beograd,http://www.beosport.com/,,"Specialized, Alpina, Carrera",1,1,0,,
ChIJof29NQIRW0cR6Bhy6zca5DI,beosport,Beosport,Novi Sad,http://www.beosport.com/,,"Specialized, Alpina, Carrera",1,1,0,,
ChIJv-hsRRfRUEcR_SdN6TjpkJ4,beosport,Beosport,Velika Plana,http://www.beosport.rs/,,"Specialized, Alpina, Carrera",1,1,0,,
ChIJ3VcjvBYhV0cRuQj8AN6Igfs,beosport,Beosport,Kragujevac,,,"Specialized, Alpina, Carrera",1,1,0,,
ChIJaw1HBmkQW0cRMSiyswCu0Yo,beosport,Beosport,Novi Sad,,,"Specialized, Alpina, Carrera",1,1,0,,
ChIJFxzxpx6mZEcRHCShTSl-rDA,biciklahr,Experience - bike-ski shop & service,Matulji,http://www.bicikla.hr/,https://www.facebook.com/bicikla.hr/,"Adriatica, Cube, GT, Jamis, Norco, Rocky Mountain, Scott, Specialized, Wheeler",1,1,0,,
ChIJ8fN01LLXZUcRVplPMYftPlg,biciklibiz,BICIKL BIZ d.o.o.,Zagreb,http://www.bicikl.biz/,,"Old&Bold, Esperia, Author, Genesis, Nishiki",1,1,0,,
ChIJRwzsYI9wWkcRjXAtZO4S9Jw,biciklicbg,Biciklic,Beograd,,,,1,1,0,,
ChIJDwkjYqOtaEcRx7CgPYqAyKM,biciklopedija,Bike Point Radoti?,?akovec,http://biciklopedija.hr/,https://www.facebook.com/Biciklopedija/,Megamo,1,1,0,,
ChIJr47kMgl4ZkcRRSabhGerYKc,bigsportzagreb,Mr. Big Sport,Zagreb,http://www.skije-bicikli.com/,,,1,1,0,,
ChIJ5ecP_Y1vWkcRb_iNOh0bis4,bikeland,Bikeland,Beograd,http://www.bikeland.rs/,https://www.facebook.com/Bikeland-DOO-1381187078816144/,"KTM, Cross, Capriolo, Scout, Visitor, Explorer",1,1,0,DODATI U PRETRAGU “Bikeland”,
ChIJ8ZNJpN4gV0cREuEPwmfWtdE,bikemvsport,SERVIS I PRODAJA BICIKLI ,BIKE MV SPORT,,,,,,,,
,bikeservis1,Bike Servis,Visoko,,https://www.facebook.com/Bike-Servis-Visoko-567272100053110/,,0,1,0,,
ChIJf09KZ_c9X0cRqdkFXLCk1_A,bikeservis2,Bike Servis,Fojnica,,,,0,1,0,,
ChIJq0cia9ewVUcRhNBhdwKMWVA,bikeservis3,Servis Bicikala `VEKTOR`,Niš,,,,0,1,0,,
ChIJ_5yeaxznXEcR3E8iLe3a-KU,bikeservis4,Bicycle Repair Shop,Osijek,,https://www.facebook.com/profile.php?id=100004149825761&fref=search,,0,1,0,,
ChIJhau8y0lVb0cRLbcO5sn38Pk,bikeservis5,Servis bicikala,Varaždin,,https://www.facebook.com/Majstor-Tihi-Servis-Bicikala-847826201932522/,,0,1,0,,
ChIJm1PQfgRxWkcRkA1xkwyE6MA,bikeservis6,Servis Bicikla Kruna,Beograd,,,,0,1,0,,
ChIJoWwbalkvNRMRy8uKuHklv5k,bikeservis7,SERVIS BICIKLA MILKOVIĆ,Šibenik,,,,0,1,0,,
ChIJTdKtaavXZUcRLh98LC1p88I,bikeservis8,Bike Servis,Zagreb,,,,0,1,0,,
ChIJvbrvNBDnXEcRtqh13Pl0ifs,bikeshoposijek,Bikea Bike Shop,Osijek,,,,1,1,0,,
ChIJ1Uyq8iihZEcRQz5cCBoUo-k,bikewise,BIKEWISE shop & servis,Rijeka,http://www.bikewise.hr/,https://www.facebook.com/BikeWisehr/,,0,1,1,,
ChIJE3NAUFbWZUcRrwfS5FaINbU,bimbikezg,bicycles BIM,Zagreb,http://www.bim-bike.hr/,https://www.facebook.com/BimBikeZagreb/,KTM,1,1,0,,
ChIJN-OOgdMcX0cRs8byvAdCUxU,boca,Boca,Vitez,http://www.bocavitez.com/,https://www.facebook.com/bocavitez/,"Cube, Kellys, Capriolo, Polar, Alpina",1,1,1,,"CAT EYE, RUBENA, SCHWALBE, CONTINENTAL, PROMAX, SHIMANO, ASHIMA, KELLY`S, 
CAPRIOLO, POLAR, SCOTT, peruzzo, thule
"
ChIJj8lXd9zIWEcR24mTA2Yc3E0,bogolivestrong,Bogolivestrong,Sarajevo,http://www.bogolivestrong.com/,https://www.facebook.com/bogolivestrong.doo/,,0,1,0,,
ChIJv383XTYsY0cRifl-axXkSPY,brbsrpot,B.R.B. sport Ltd.,Pula,http://www.brbsport.hr/,https://www.facebook.com/BRB-SPORT-doo-90422445735/?ref=hl,"BRB, Cube Torpado",1,1,0,,
ChIJjSxcE2T6YUcRv-IKUmRKErY,calimero,CALIMERO SPORT Rent-a-bike/bicycle service/spare parts/adventure tour,Zadar,http://www.calimero-sport.hr/,https://www.facebook.com/calimerosportzd/,"Cinzia, Cube, Jumpertrek, Puki, Rider",1,1,1,,
ChIJN81HE2T6YUcRcM_oWhQxQgY,calimero,Prodaja i servis bicikla Zadar - Calimero Sport,Zadar,http://www.calimero-sport.hr/,https://www.facebook.com/calimerosportzd/,"Cinzia, Cube, Jumpertrek, Rider",1,1,1,,"Shimano, Cube, RFR, Ritchey, BRN, BROOKS, M-Wave, KMC, Zoom, Promax "
ChIJz6KAeqFMWUcRh0tStYJ4t3M,capriolo,Capriolo Sport Centar,Živinice Grad,http://www.jabihcapriolo.com/,https://www.facebook.com/JaBiHCapriolo/,"Capriolo, Cube",1,1,1,,"Krypton, Mitas, Shimano, Tacx, Bellelli, Sram, Rock Shox, Avid, Truvatin, Merida, SKS, Sigma, Michelin, Monte Grappa"
ChIJZTchyDCCXkcRrdwlXRUxAQI,capriolo,Capriolo Sport Centar,Doboj,http://www.jabihcapriolo.com/,https://www.facebook.com/JaBiHCapriolo/,"Capriolo, Cube",1,0,0,,"Krypton, Mitas, Shimano, Tacx, Bellelli, Sram, Rock Shox, Avid, Truvatin, Merida, SKS, Sigma, Michelin, Monte Grappa"
ChIJr5zLihADXkcR5aXEV_0993c,capriolo,Capriolo Sport Centar BL2,Banja Luka,http://jabihcapriolo.com/,https://www.facebook.com/JaBiHCapriolo/,"Capriolo, Cube",1,1,0,,"Krypton, Mitas, Shimano, Tacx, Bellelli, Sram, Rock Shox, Avid, Truvatin, Merida, SKS, Sigma, Michelin, Monte Grappa"
ChIJM29t4AcDXkcRAvIsQloB7NI,capriolo,Capriolo Sport Centar BL3,Banja Luka,http://jabihcapriolo.com/,https://www.facebook.com/JaBiHCapriolo/,"Capriolo, Cube",1,1,0,,"Krypton, Mitas, Shimano, Tacx, Bellelli, Sram, Rock Shox, Avid, Truvatin, Merida, SKS, Sigma, Michelin, Monte Grappa"
,capriolo,Capriolo Sport Centar BL5,Banja Luka,http://jabihcapriolo.com/,https://www.facebook.com/JaBiHCapriolo/,"Capriolo, Cube",1,1,0,"Aleja Svetog Save 19,U nastavku Addiko banke","Krypton, Mitas, Shimano, Tacx, Bellelli, Sram, Rock Shox, Avid, Truvatin, Merida, SKS, Sigma, Michelin, Monte Grappa"
ChIJR63q0ks3XEcRelfe_qUXfws,capriolo,Capriolo Sport Centar Modri?a,Modri?a,http://www.jabihcapriolo.com/,https://www.facebook.com/JaBiHCapriolo/,"Capriolo, Cube",1,1,0,,"Krypton, Mitas, Shimano, Tacx, Bellelli, Sram, Rock Shox, Avid, Truvatin, Merida, SKS, Sigma, Michelin, Monte Grappa"
ChIJa_eLpd_IWEcRamQ7brHzgzg,capriolo,Capriolo Sport Centar SA1,Sarajevo,http://www.jabihcapriolo.com/,https://www.facebook.com/JaBiHCapriolo/,"Capriolo, Cube",1,1,0,,"Krypton, Mitas, Shimano, Tacx, Bellelli, Sram, Rock Shox, Avid, Truvatin, Merida, SKS, Sigma, Michelin, Monte Grappa"
ChIJBSkqlG3JWEcRYAbtx_X5Pgs,capriolo,Capriolo Sport Centar SA2,Sarajevo,http://jabihcapriolo.com/,https://www.facebook.com/JaBiHCapriolo/,"Capriolo, Cube",1,1,0,,"Krypton, Mitas, Shimano, Tacx, Bellelli, Sram, Rock Shox, Avid, Truvatin, Merida, SKS, Sigma, Michelin, Monte Grappa"
ChIJHWDk2Qu_REcRnjvrM46mURQ,capriolo,Tehnoguma,Senta,,https://www.facebook.com/Tehnoguma-Bicycles-parts-accessories-301371566861572/,,1,1,0,,
ChIJK_ghhmzKWEcRiyldJxehwSE,ciklocentar,Ciklo Centar,Ilidža,http://ciklocentar.ba/,https://www.facebook.com/Ciklo-Centar-BBK-Igman-328539207183651/,"GT, Specialized",1,1,0,,"Topeak, Sigma, Michelin, Kenda, Shimano, Peruzzo, Osprey, Hydrapak, Endura, Mighty,  ZEFAL, KINETIC,PROMAX, EXUSTAR, REMERX, KOOL STOP, PEDROS, SIXSIXONE, ALLAY, JAGWIRE, NOVATEC,KNOG, VELO, TRUVATIV, KED, LIZARD SKINS, SRAM, MAVIC, SH+, DT SWISS, HOLMENNOL, AVID, ALLAY, KMC, ERGON, Schwinn, CRANKBROTHERS"
ChIJDWj5siDJWEcRolqo1j3MN4A,ciklocentar,Ciklo Centar,Sarajevo,http://www.ciklocentar.com/,https://www.facebook.com/Ciklo-Centar-BBK-Igman-328539207183651/,"GT, Specialized",1,0,0,,"Topeak, Sigma, Michelin, Kenda, Shimano, Peruzzo, Osprey, Hydrapak, Endura, Mighty,  ZEFAL, KINETIC,PROMAX, EXUSTAR, REMERX, KOOL STOP, PEDROS, SIXSIXONE, ALLAY, JAGWIRE, NOVATEC,KNOG, VELO, TRUVATIV, KED, LIZARD SKINS, SRAM, MAVIC, SH+, DT SWISS, HOLMENNOL, AVID, ALLAY, KMC, ERGON, Schwinn, CRANKBROTHERS"
ChIJtSFBHaRDSxMR6yATw8pjOjE,ciklocentar,Ciklo centar,Mostar,http://ciklocentar.ba/,,"GT, Specialized",1,1,0,,"Topeak, Sigma, Michelin, Kenda, Shimano, Peruzzo, Osprey, Hydrapak, Endura, Mighty,  ZEFAL, KINETIC,PROMAX, EXUSTAR, REMERX, KOOL STOP, PEDROS, SIXSIXONE, ALLAY, JAGWIRE, NOVATEC,KNOG, VELO, TRUVATIV, KED, LIZARD SKINS, SRAM, MAVIC, SH+, DT SWISS, HOLMENNOL, AVID, ALLAY, KMC, ERGON, Schwinn, CRANKBROTHERS"
ChIJyUSgg5fXZUcR2GOEKZBdRcI,ciklocentarhr,CIKLO - CENTAR d.o.o.,Zagreb,http://www.ciklo-centar.hr/,https://www.facebook.com/pg/Ciklo.Centar/about/?ref=page_internal,"Kona, Superior, Shockblaze, KELLYS,Dahon",1,1,0,,"NORTHWAVE, CRATONI, SHIMANO, ATOMLAB, AVID, Kona, Michelin, Schwalbe, Maxxis, Sigma, Kryptonite, Acor, BROOKS, VELO, MONTE GRAPPA, DA BOMB, SRAM"
ChIJU_BKtF_WZUcRYDAhCWlYRP8,ciklosportzg,Ciklo-Sport,Zagreb,https://ciklo-sport.hr/,,"Kona, Superior, Dahon, Takashi, Ferrini, Sprint",1,1,0,,"Acor, Velo, Da Bomb, Schimano,SunRace, Kenda, Schwalbe, Continental, Michelin, Zefal, QT,  Kryptonite "
ChIJidYSYmkQW0cRrlfu3FqJa_0,ciklotekans,Cikloteka,Novi Sad,,https://www.facebook.com/cikloteka,,1,1,0,,
ChIJebCWfe1xWkcRZ4k5WBz_ZW8,citybikers,City-Bike,Beograd,http://www.citybike.rs/,,"Capriolo, Planetbike, Venera, Merida",1,1,0,,
ChIJG2NwUHXtWUcRcDZzysMFRMQ,colnagovaljevo,Colnago Bike-Servis i prodaja bicikli i motora,Valjevo,,,,1,1,0,,
ChIJcya0WnXtWUcRGW11LDzSBj0,colnagovaljevo,COLNAGO-Servis i prodaja bicikli i motora,Valjevo,,,,1,1,0,,
ChIJp4gyPLl6WkcRGbsPLBCBVas,crossbikers,CROSS BIKE,Beograd,http://www.crossbike.rs/,,Cross,1,0,0,"imaju 3 radnje Zajecar, i dvije u beogradu","TEKTRO, SELLE SAN MARCO, PROWHEEL, SIGMA, SIMPLA, VELO, VEE RUBBER, GIYO, ZOOM, VP COMPONENTS, ACTIVE DDK, KALLOY, KMC,KRYPTONITE, MACTRONIC, PROMAX, JAGWIRE, GRX, CROSS,"
ChIJUY6TNrYRW0cRiCIFGn14x8Q,cyclomania,Cyclomania Bike Shop i Servis,Novi Sad,http://www.cyclomania.rs/,https://www.facebook.com/CyclomaniaBikeShop/,"Trek, Cross, Capriolo, Visitor, Scout",1,1,0,,"Schimano,Sigma, Novatec, CST, Schwalbe, Luma, VDO, DMT, Michelin"
ChIJayn39VsQW0cReIs0tjjxcWo,cyclomania,KALE BIKE 3D,Novi Sad,,https://www.facebook.com/KALE-BIKE-3D-1537965159841307/,"Trek, Cross, Capriolo, Visitor, Scout",1,1,0,,"Schimano,Sigma, Novatec, CST, Schwalbe, Luma, VDO, DMT, Michelin"
ChIJu2jjGYbRZUcRN2qUtCimeOU,decathlon,Decathlon,Zagreb,http://www.decathlon.hr/,,B`TWIN,1,0,0,,
ChIJg4Z-voT6YUcRJX0gj0X_dBc,decathlon,Decathlon,Zadar,http://www.decathlon.hr/,,,1,0,0,,
ChIJ993Pp2kyZUcRFp27vU2hA6U,decathlon,Decathlon Ljubljana,Ljubljana,http://decathlon.si/,,,1,0,0,,
ChIJx293yCXnXEcRil_GZpCkdno,decathlon,Decathlon Osijek,Osijek,http://www.decathlon.hr/,,,1,0,0,,
ChIJY1x6KsumZEcRZT5THPsf8eg,decathlon,Decathlon Rijeka,Rijeka,http://www.decathlon.hr/,,,1,0,0,,
ChIJZW_mcg3cQUcReEMdoJl9Ryo,decathlon,Decathlon Skala,Nyugati tÃ©r 1,http://www.decathlon.hu/,,,1,0,0,,
ChIJQxOYTzSBqkARMFOhME4-we4,decathlon,Decathlon Vitosha,Sofia,http://www.decathlon.bg/,,,1,0,0,,
ChIJZ3CQRIh4ZkcRjq5FDYYRiGM,decathlon,Decathlon Zagreb Istok,Zagreb,http://decathlon.hr/,,,1,0,0,,
ChIJyS2_KCgTSxMR-KWy0lNbHow,dostba,DOST d.o.o,Me?ugorje,http://www.dost.ba/,,"Centurion, Carraro, SixTeam, Atala, Bianchi",1,0,0,,"CST, Schimano"
ChIJsdqbPbHXZUcRbWyf2FU8-TE,dragosport,Drago-Sport,Zagreb,http://www.drago-sport.com/,https://www.facebook.com/dragosport.hr/?fref=ts,"Cube, Basso, Cinzia",1,1,0,,"Acor, FireEye, Kenda, Shimano, Promax, Peruzzo, Schwalbe, CST, XLC, Sigma, Sport Division, Zefal, Abus"
ChIJL_QbEtzWZUcRPu2qm4kjx-c,dsg,DSG bicikli,Zagreb,http://www.dsg.hr/,https://www.facebook.com/DSGbicikli/,"Diamondback, Ghost, Haro",1,0,0,"imaju 3 radnje dvije u ZG i jedna u Bjelovaru, plus servis u ZG naveden dole","Diamondback, Ghost, Haro, Race Face, UNO, Focus, Devron, DT Swiss, JoyTech, Novatec, Shimano, Sun Ringle, Fizik, Odi, Premium Products, RMS, Velo, WTB, Tektro, Amoeba, Truvativ, SRAM, TAYA, Neco, Continental, Kenda, Slime, Vee Rubber, DT Swiss, Rock Shox, RST, Syncros, 
Wellgo, Alhonga, Baradine, Clarks, Elvedes ,Kool Stop, Magura, FSA, Avid, 
Odyssey, SST Oryg, Schwalbe, Rubena, Mozo Usa, Sigma, Magnum, OnGuard, Trelock"
ChIJk0qH_3PWZUcRqVbK2IivpLE,dsg,DSG SERVIS bicikala,Zagreb,http://www.dsg.hr/,,"Devron, Ghost, Haro",1,1,0,,"Diamondback, Ghost, Haro, Race Face, UNO, Focus, Devron, DT Swiss, JoyTech, Novatec, Shimano, Sun Ringle, Fizik, Odi, Premium Products, RMS, Velo, WTB, Tektro, Amoeba, Truvativ, SRAM, TAYA, Neco, Continental, Kenda, Slime, Vee Rubber, DT Swiss, Rock Shox, RST, Syncros, 
Wellgo, Alhonga, Baradine, Clarks, Elvedes ,Kool Stop, Magura, FSA, Avid, 
Odyssey, SST Oryg, Schwalbe, Rubena, Mozo Usa, Sigma, Magnum, OnGuard, Trelock"
ChIJgQFvoXQ2ZkcRPqrndoDs9LU,dsg,DSG bicikli d.o.o.,Bjelovar,http://www.dsg.hr/,,,1,1,0,,
ChIJhR9Zr_RvWkcRCFAp8o9WmFw,eprime,E prime electric bikes,Beograd,http://www.e-prime.net/,,E-prime,1,0,0,,
ChIJ2cuGNyJeNRMRjJn0nOS5apg,extremeshop,Bike Extremeshop2,Split,https://www.bicikla.com/,https://www.facebook.com/shop.bicikla,"Cinzia, Cube, Dahon, Giant, GT, Haibike/ Winora, Jamis, Kettler, Norco, Orbea, Scott, Specialized",1,1,0,,"Continental, Cube, Vittoria, Giant, Kenda, Topeak, Specialized, Michelin, Schwallbe, Maxxis, Byte, Shimano, Endura, Sigma, Fox, Chimpanzee, Crank Brothers, Look, SRAM"
ChIJiZ7FivxdNRMRnntKtOcoIwQ,extremeshophr,ExtremeShop,Split,http://www.bicikla.com/,https://www.facebook.com/shop.bicikla,"Cinzia, Cube, Dahon, Giant, GT, Haibike/ Winora, Jamis, Kettler, Norco, Orbea, Scott, Specialized",1,1,0,,"Continental, Cube, Vittoria, Giant, Kenda, Topeak, Specialized, Michelin, Schwallbe, Maxxis, Byte, Shimano, Endura, Sigma, Fox, Chimpanzee, Crank Brothers, Look, SRAM"
ChIJZ0p3BLznXEcRbfS-5M1D8zg,extremesporthr,Extreme Sport d.o.o,Osijek,http://www.extremesport.hr/,https://www.facebook.com/extremesport.osijek/,"Arkus, Cube, Electra, Maxim, Romet",1,1,0,,
ChIJ0WxeMBUQW0cRD9Bsi4a_1Zs,fanatic,Fanatic Bicycle Shop,Novi Sad,http://www.fanatic.rs/,https://www.facebook.com/fanaticns,"Adria, Alpina, Booster, Capriolo, Cross, Giant, Polar, Trek, Ultra, Venera",1,1,1,,
ChIJyYoW5yQQW0cRD57qCAT_w2o,fanatic,Fanatic Bike Shop & Service,Veternik,http://www.fanatic.rs/,https://www.facebook.com/fanaticns,"Adria, Alpina, Booster, Capriolo, Cross, Giant, Polar, Trek, Ultra, Venera",1,1,1,,
ChIJWa1cee5-WkcRsaHhMDAYsaU,freestylers,Freestyle Shop,Pan?evo,,,,1,1,0,,
ChIJp1C7QCs8ZEcRfJitAI7Pw-g,golfaurora,GOLF AURORA BIKE,Karlovac,http://www.golf-aurora.hr/,,"Trek, Cube, Norco, Schwinn, Rog Joma, X-Plorer, Hodala, Merida, Fuji, Gary Fisher, Wheeler, Cannondale, Orbea, Atala, Cinzia, Jumpertrek, Bottecchia",1,1,0,,
ChIJUe6pdUzRZUcRYYklWgrGxwA,haferhr,Hafer,Zagreb,http://www.hafer.hr/,,"Dema, Scott, Rockmachine, Visitor",1,1,0,,
ChIJqcA4efXWZUcRPsZiHT0Py6I,hunibikeshop,Huni Bike Shop prodaja bicikla i opreme,Prelog,http://www.huni-bike-shop.hr/,https://www.facebook.com/HuniBikeShopBicikli,"Hai bike, Cube",1,1,0,,"XLC, Shimano, SRAM, Crank Brothers, Schwalbe"
ChIJieDAXD7JWEcRh2i9vODasoc,intersport,INTERSPORT,Sarajevo,http://www.intersport.ba/,,,1,0,0,,
ChIJY_Hlwo3JWEcRhxQw4jnCiCk,intersport,INTERSPORT,Sarajevo,http://www.intersport.ba/,,,1,0,0,,
ChIJO4fnlxXKWEcRJBb0jwVnWtY,intersport,INTERSPORT,Ilidža,http://www.intersport.ba/,,,1,0,0,,
ChIJ_cnFJLtDSxMRbLaU7M7mEPw,intersport,INTERSPORT,Mostar,http://www.intersport.ba/,,,1,0,0,,
ChIJXyZmdVpRXkcRDgE1iQ95aCE,intersport,INTERSPORT,Šišava,http://www.intersport.ba/,,,1,0,0,,
ChIJwQjhkDqtXkcRknGSJSpXp6E,intersport,Intersport,Tuzla,http://www.intersport.ba/,,,1,0,0,,
ChIJQ4p2YRqtXkcR41T-5GSCBo0,intersport,Intersport,Tuzla,http://www.intersport.ba/,,,1,0,0,,
ChIJaxFFvw0DXkcRBZR0Z8TWrnM,intersport,INTERSPORT,Banja Luka,http://www.intersport.ba/,,,1,0,0,,
ChIJUwf2ShgMXEcRUsI_pC3JkB0,intersport,Intersport,Br?ko,http://www.intersport.ba/,,,1,0,0,,
ChIJP4pGMDbWZUcRHNPzW91YkpM,intersport,Intersport,Zagreb,http://www.intersport.hr/,,,1,0,0,,
ChIJAyVl5UjWZUcRUKHDEbfvVXw,intersport,Intersport,Zagreb,http://www.intersport.hr/,,,1,0,0,,
ChIJN4OZkE_RZUcRGvska0PT9Rg,intersport,Intersport,Zagreb,http://www.intersport.hr/,,,1,0,0,,
ChIJS__KKk6gZEcRX7vEpU88O78,intersport,INTERSPORT,Rijeka,http://www.intersport.hr/,,,1,0,0,,
ChIJ5b015KDAfEcRch9zj2EvEB4,intersport,Intersport,Rovinj,http://www.intersport.hr/,,,1,0,0,,
ChIJ24JZfMjSfEcRliam6UM7bUQ,intersport,Intersport,Pula,http://www.intersport.hr/,,,1,0,0,,
ChIJMUJcvoT6YUcRi2Q2G3rOZuw,intersport,Intersport,Zadar,http://www.intersport.hr/,,,1,0,0,,
ChIJjb6AbkDuShMRBZumxFaoZEA,intersport,Intersport,Makarska,http://www.intersport.hr/,,,1,0,0,,
ChIJe3YXcOF-WkcR7vJ4ZoHpiFk,intersport,Intersport,Pan?evo,http://www.intersport.rs/,,,1,0,0,,
ChIJ7fjCZ9VUb0cRLWkpEtuJ_K4,intersport,INTERSPORT,Varaždin,http://www.intersport.hr/,,,1,0,0,,
ChIJ4YHXnipVb0cRaCn9WLVQrdo,intersport,Intersport,Varaždin,http://www.intersport.hr/,,,1,0,0,,
ChIJAf59RbmPXEcRybMTzo6Args,intersport,INTERSPORT,Vukovar,http://www.intersport.hr/,,,1,0,0,,
ChIJR_8VTR3LW0cRSfKpJhuHmxc,intersport,INTERSPORT ŠABAC,Šabac,http://www.intersport.rs/,,,1,0,0,,
ChIJ0yk7nI9VXEcReGJrWZhzMUw,intersport,Intersport ?akovo,?akovo,http://www.intersport.hr/,,,1,0,0,,
ChIJy2mg_0RyV0cR_a9-2o5JU6k,intersport,INTERSPORT ?A?AK,?a?ak,http://www.intersport.rs/,,,1,0,0,,
ChIJN4gergqtaEcRUaKChLaLzZQ,intersport,Intersport ?akovec 1,?akovec,http://www.intersport.hr/,,,1,0,0,,
ChIJYe3H6gOtaEcR0qrkg-fBJVM,intersport,Intersport ?akovec 2,?akovec,http://www.intersport.hr/,,,1,0,0,,
ChIJU1qP6DzUZUcRjUZMV-PCilo,intersport,Intersport Arena Zagreb 4,Zagreb,http://www.intersport.hr/,,,1,0,0,,
ChIJMyxg7gB0ThMRRWRvOTMZAKQ,intersport,INTERSPORT Bar,Bar,http://www.intersport.me/,,,1,0,0,,
ChIJj0IAuXxlWkcR64O3HXzBRQE,intersport,INTERSPORT BEOGRAD 1,Beograd,http://www.intersport.rs/,,,1,0,0,,
ChIJjajAa4RvWkcRnkxjLcREq2A,intersport,INTERSPORT BEOGRAD 2,Beograd,http://www.intersport.rs/,,,1,0,0,,
ChIJA3Nb8tXKNBMRLwmDZW4i3-w,intersport,Intersport Biograd,Biograd na Moru,http://www.intersport.hr/,,,1,0,0,,
ChIJ4zHs_27uShMRv_ITtOKdamY,intersport,Intersport Capitol Park Makarska 1,Makarska,http://www.intersport.hr/,,,1,0,0,,
ChIJicXaIsdfNRMR2xAjxRJupWM,intersport,Intersport CCO Split 3,Split,http://www.intersport.hr/,,,1,0,0,,
ChIJzw4vZJt8Y0cRRss8qoTUlHU,intersport,Intersport Crikvenica 1,Crikvenica,http://www.intersport.hr/,,,1,0,0,,
ChIJGWezpaupTRMRLPRRXJJ88II,intersport,Intersport Crna Gora,Nikši?,https://www.intersport.me/,,,1,0,0,,
ChIJEUSWQbZ5ZkcRWZYYF0RF-mg,intersport,Intersport H MBH,Sesvete,http://www.intersport.hr/,,,1,0,0,,
ChIJodzIaC48ZEcRxXP_w0r8Ous,intersport,Intersport Karlovac 1,Karlovac,http://www.intersport.hr/,,,1,0,0,,
ChIJTd_DbNggV0cRbSs4V6XH-hk,intersport,INTERSPORT KRAGUJEVAC,Kragujevac,http://www.intersport.rs/,,,1,0,0,,
ChIJ8y78IrbYVkcR8bZgnemcTFM,intersport,INTERSPORT KRUŠEVAC,Kruševac,http://www.intersport.rs/,,,1,0,0,,
ChIJ4Y6LB0peNRMRtXbWW3GKHKE,intersport,Intersport Mall of Split 4,Split,http://www.intersport.hr/,,,1,0,0,,
ChIJ6QFLp-AKSxMRLpfkwN6EBvM,intersport,Intersport Metkovi? 1,Metkovi?,http://www.intersport.hr/,,,1,0,0,,
ChIJJzO-UxEQW0cRKmuB91fKZy0,intersport,INTERSPORT NOVI SAD 1,Novi Sad,http://www.intersport.rs/,,,1,0,0,,
ChIJA8IzMQIRW0cRBqeNJwoaG5Q,intersport,INTERSPORT NOVI SAD 2,Novi Sad,http://www.intersport.rs/,,,1,0,0,,
ChIJCfI_lU3mXEcReQaO7orUd68,intersport,Intersport Osijek 1,Osijek,http://www.intersport.hr/,,,1,0,0,,
ChIJSV5Xq0HrTRMR88gBk28NWZU,intersport,Intersport Podgorica,Podgorica,http://www.intersport.rs/,,,1,0,0,,
ChIJW2PZ7caEXUcRTb4EDNggNQc,intersport,Intersport Pozega 1,Požega,http://www.intersport.hr/,,,1,0,0,,
ChIJ38mlsyNeNRMRReW9gtFkX18,intersport,Intersport Prima Split 2,Split,http://www.intersport.hr/,,,1,0,0,,
ChIJ24JZfMjSfEcRn1whUTq42aA,intersport,Intersport Pula 1,Pula,http://www.intersport.hr/,,,1,0,0,,
ChIJoRUg7bWmZEcRMWpb1i1UQAs,intersport,Intersport Rijeka 2,Rijeka,http://www.intersport.hr/,,,1,0,0,,
ChIJl3jITajAfEcRKOil8bN56zM,intersport,Intersport Rovinj 1,Rovinj,http://www.intersport.hr/,,,1,0,0,,
ChIJ07lejohlWkcR3VXTFW6YwqA,intersport,INTERSPORT S TRGOVINA,Beograd,http://www.intersport.rs/,,,1,0,0,,
ChIJB2DHe1CWfEcRGxYaEJucR9c,intersport,Intersport Sport Hall,Pore?,http://www.intersport.hr/,,,1,0,0,,
ChIJh9FMxp8-ZEcR9iMNKjYnyCY,intersport,Intersport Supernova Karlovac 2,Karlovac,http://www.intersport.hr/,,,1,0,0,,
ChIJRWTSmu9wWkcRcNNWW6j0b9Q,intersport,Intersport TC Stadion,Beograd,http://www.intersport.rs/,,,1,0,0,,
ChIJs4D1VmQTThMR2Edvi-TqDkI,intersport,INTERSPORT Ulcinj,Ulcinj,http://www.intersport.me/,,,1,0,0,,
ChIJV4jeKuKKXEcRqkGx3ZrxZlI,intersport,Intersport Vinkovci 1,Vinkovci,http://www.intersport.hr/,,,1,0,0,,
ChIJ-U3oQx0oNRMRljYuGMwMM7I,intersport,Intersport Vodice,Vodice,http://www.intersport.hr/,,,1,0,0,,
ChIJp2VAkoT6YUcRCbgq9YkfH9M,intersport,Intersport Zadar 1,Zadar,http://www.intersport.hr/,,,1,0,0,,
ChIJOxI-D_86TBMRvD0Kw-R3LeI,intersport,INTERSPORT Zelenika,Herceg - Novi,http://www.intersport.me/,,,1,0,0,,
ChIJLcWVn6nnXEcRFRuei-mxpNA,jakovcevic,bicycles JAKOV?EVI?,Osijek,http://www.jakovcevic.hr/,,"Capriolo, Mayo, Liberty, Kellys bike",1,1,0,,
ChIJVcREcKHIREcRvmaQu_o6kMg,jankovic,Jankovi?-Comp Ada,Ada,http://shop.jankovic-comp.rs/,https://www.facebook.com/jankovic.comp,"Kross, KTM, Focus, Kettler, Prophete
",1,1,0,,"Schwalbe, Abus, Busch & Müller, Topeak, SQ-lab, Ciclosport, BBB,"
ChIJa2SW0h_GREcRSWqgg87Jz-o,jankovic,Jankovic Comp,Ada,http://www.jankovic-comp.rs/,https://www.facebook.com/jankovic.comp,"Kross, KTM, Focus, Kettler, Prophete
",1,1,0,,"Schwalbe, Abus, Busch & Müller, Topeak, SQ-lab, Ciclosport, BBB,"
ChIJ6bgVi6LnREcR18Ei4hdXeUc,jankovic,Tusta,Mokrin,,,,1,1,0,,
ChIJ-8UzzgcDXkcRlLjUfQcjbFQ,josobicikli,Jošo Bicikli,Banja Luka,,https://www.facebook.com/sportshopjoso/,"SCOTT,CANONDALE,ELEKTRA,POLAR",1,1,0,,
ChIJyUj11d3WZUcRXY04C5dJJQI,keindlsport,Keindl Sport,Zagreb,http://www.keindl-sport.hr/,https://www.facebook.com/keindlsport/,"Cube, Jumpertrek, Orbea, Look, Ridley, Atala,
Cinzia,  Brompton, Tern ",1,1,0,"dvije prodavnice u ZG, Vitezićeva 1a i Reljkovićeva 2, a centrala i web prodaja Web prodaja Rudeška cesta 14, u opremi mozda ima marki i opreme za skijanje","4ZA, Abus, Ahead, Alligator, Answer, Arnette,  Avid, Battaglin, Bellelli, Beto, Bicycle line, Big Wipes, Birzman, Bollé, Bosch, Briko, Buff, BYTE, Cairn, Camelbak, Campagnolo, Castelli, Chain, Chiba, Cinelli,  Citadel, cnSPOKE, Connex, Crono, Crud, CST,  Cyclo, Defeet, Demon, Deuter, Dieffe, DT Swiss, Dynamic,Effetto Mariposa, ELITE, EthicSport, Extend, Fabric, Falke,Fibrax, Fischer, FSA, Fulcrum, Gaerne, Garmin, Geax, Ghost, Gipiemme, Giyo, GoPro, Gore, GSG, Hayes, Hutchinson, Ideal, IXS, Jagwire, JOE`S,  KASK, Kawasaki, Keindl Sport, Kenda, KMC, Knog, Lake, Lizard Skins, Longus, M-wave, Manitou, Mavic, MB Wear, MBM, Miche, Michelin, Mighty, Mizuno, Moto One, MS, Neco, No Flats,No Tubes, Novatec, NRC, NRG, Oakley,  ORCA, Peruzzo, Point, Polar, Polisport, Prologo, Promax, Proviz, Puky, Quarq, Rema TIP TOP, RFR,  RIE:SEL Design, ROCK SHOX, Rodi,  Roeckl, ROTO, Rudy Project, San Marco, Schwalbe, Selle Bassano, Selle Italia, SH+, Shimano, Sidi, Simpla, SIS, Sixs, SKF, sks, Solestar, Sonax,  Spanninga, Squeezy, Sram, Stand, Strider, Sugoi, Sunrims, Suomy, SWISSSTOP, Tacx, Tektro,  Thule, Topeak, Trail Gator, Tranz X, Truvativ, TSG, Tufo, Tune, Var, Velo, Velomann, Ventura, Vision, Vittoria, Vredestein, WD-40, Weldtite, WTB, Zefal,Zefiro, ZIPP, ZOOM, ZZYZX
"
ChIJ9arYj_ysaEcRRt4zW2CZNPc,kosporthr,KOSPORT bike shop & servis,Strahoninec,http://kosport.com.hr/,https://www.facebook.com/kosport.com.hr,"Cinzia, Cube, GT, Orbea, Specialized",1,1,0,,"Cinzia, Crankbrothers, Cube, Elite, Orbea, Specialized, Topeak"
ChIJ26OdxFMzZ0cRwQFINbqgMUA,ldbikeprijedor,LD Bike,Prijedor,,https://www.facebook.com/LD-BIKE-351160814996780/,,,,,,
ChIJzW0tDTzTfEcRQVKwmDAC-Cg,malupesport,MALUPE,Pula,http://www.malupesport.hr/,https://www.facebook.com/pg/MalupeSportPula/about/?ref=page_internal," Ghost, Trek, Cube, Scott",1,1,1,,
ChIJxTvV6nEQW0cR126DQ_h7DkI,markonisport,Markoni Sport,Novi Sad,http://www.markonisport.rs/,https://www.facebook.com/Markonisport,"Markoni Bike, Giant, Drag",1,1,1,,"SUPER B, M-WAVE, SELLE SMP, Briko, htp design, Simpla, Master Lock, Marwi, Wowow, Blizzard"
ChIJgeba3qrXZUcRiofpy_vsjvY,markoprojekt,MARKO - PROJECT Ltd.,Zagreb,https://markoprojekt.com/,https://www.facebook.com/MarkoProjekt/,"Wheeler, Norco, Jamis, Adriatica, Rocky Mountain,",1,1,0,"a usluzi zaljubljenicima labilne ravnoteže nudimo uslugu maloprodaje, veleprodaje i servisa na lokaciji Vlaška 81a, Zagreb i Stanka Vraza 8, Varaždin. ","Acor, Adriatica,, Alligator, Azonic, Bottecchia, Da Bomb, DT-Swiss, E-thirteen, Eastpower, Endura, Esperia, Giyo, Hope, Jagwire, Jamis, Joytech, Kenda, KMC, Legnano, Mach1, Master Lock, Michelin, Muc-Off, Neuzer, Norco, Novatec, O`Neal, Oyama, Promax, Race Face, Rocky Mountain, Royal, Schwalbe, Shimano, Sigma, Six Six One, SRAM, Super-B, Velo, Wheeler, Yaban"
ChIJ11DJvtmqaEcR6Hstk_P_BLo,matis,Bike box,Varaždin,http://www.matis.com.hr/,https://www.facebook.com/bikeboxvz/,"Cross, DHS, Felt, Gepida, Rog",1,1,0,,"Aqua Design, BBB, Cateye, Cross, Dag, Dagger, Dartmoor, Dhs, Dieffe, Dino, Dynamic, Felt, Gepida, Gumotex, Hiko Sport, Indiana Sup, Kenda, Kreativ, Masciaghi, Master Lock, OZEN, Palm Equipment, Pasarela, Point, PRIJON, Rog, Rowery Embassy, RTM, RTM Fishing, TNF, TNP, Typhoon, ULTRa"
ChIJ-UwlvHRDSxMREgCl3k5TFv0,mbikeshop,M-Bike Shop Mostar,Mostar,http://www.m-bikeshop.com/,http://m-bikeshop.com/,"Cube, Scott, Cross, Polar, Alpina, Cinzia, Electra",1,1,0,,"Continental, Schwalbe, Look, Polisport, Schimano, Camelbak, Uvex, Rox-shox, Fulcrum, Sidi, IXS, Vittoria, Fox, Kenda, Zefal"
ChIJF2cMBCvKWEcRpE5QHmzIJqM,mbikeshop,M-Bike Shop Sarajevo,Sarajevo,http://www.m-bikeshop.com/,http://m-bikeshop.com/,"Cube, Scott, Cross, Polar, Alpina, Cinzia, Electra",1,1,0,,"Continental, Schwalbe, Look, Polisport, Schimano, Camelbak, Uvex, Rox-shox, Fulcrum, Sidi, IXS, Vittoria, Fox, Kenda, Zefal"
ChIJMQ0zAxqtXkcRWiwnkjn5n3k,mbikeshop,M-Bike Shop Tuzla,Tuzla,http://www.m-bikeshop.com/,http://m-bikeshop.com/,"Cube, Scott, Cross, Polar, Alpina, Cinzia, Electra",1,1,0,,"Continental, Schwalbe, Look, Polisport, Schimano, Camelbak, Uvex, Rox-shox, Fulcrum, Sidi, IXS, Vittoria, Fox, Kenda, Zefal"
ChIJIVUZePNhQ0cRd3zyE9iHSbQ,megafavorit,Mega Favorit D.O.O.,Palić,http://www.megafavorit.com/,https://www.facebook.com/biciklisubotica/,,1,0,0,,"Shimano, Wellgo, Velosteel, Kaiwei, Power, Campbell, Radius, Rabe, Rush, KMC, Suntour, Dotek, Prowheel, Kenli, Feimin, Kalloy, Kalin, Duro, Galaxy, AHT, Rubena, Mitas, Trayal, Sigma, Ventura, Jing Yi, Assess, Quando, Shunfeng, Tri Diamond, Olona, Thun, Rema Tip-Top, Selle Monte Grappa"
ChIJ2Q_g3tsgV0cR3Ad0g2HsWs8,metalsr,Metal,Kragujevac,http://metal-kg.rs/,,stranica u pripremi,,,,,
ChIJYxomQS0uX0cRvnmvhSiT3kM,moccacommerce,Mocca Commerce,Visoko,http://moccacommerce.com/,https://www.facebook.com/moccacommercedoo/," Centurion, Cannondale, Alpina, Scott",1,0,0,,"Adjoin, Baradine, Cateye, Continental, CST, Feimin, Kenda, Polisport, Promax, Quando, Selle Royal, Shimano, Sunrace, Union, Uvex, VP, Zefal, Camelbak, EBike, Elite, Giyo, Scott, Tonyon
"
ChIJ4cipJZajZEcR5a1LBDPp8rQ,morisbiciklihr,Moris bicikli,Dražice,,,"Fuji, Trek",1,0,0,prodaju autodijelove i pise samo U ponudi bicikli Fuji i Trek,
ChIJUz6c5mnRZUcRCrmaTqN49Uo,msbhr,MSB service bicycles,Zagreb,http://www.msb.hr/,https://www.facebook.com/MSBbicikliiskije/?fref=ts,,1,1,0,samo servis i dijelovi na stranici,"Kenda, Shimano, Michelin, Rubena, Schwalbe, Promax, Marwi, RFR, SRAM,  "
ChIJhbMQrpjPZUcRchyM-y0_dtA,mtbshopzapresic,mountain bike shop,Zapreši?,http://mtb-shop.hr/,https://www.facebook.com/mtbshop.hr/?ref=hl,"CAPRIOLO, FUJI, HAI E-BIKE, HAIBIKE, LEGONI, ROG-JOMA, TREK, WINORA, WINORA E-BIKE
",1,1,0,,"Fuji, Schwalbe, Continental, Shimano, XLC, Kenda, ROCKSHOX, Carrera, Selle Royal, Sellesmp, Novatec.. "
ChIJL0Im9NrIWEcRUeOgMo6kGPc,nextbike,Nextbike,Sarajevo,http://www.nextbike.ba/,,,0,0,1,,
ChIJJ_xVsdjIWEcRsK9oCGbvk_Q,nextbike,Nextbike,Sarajevo,http://www.nextbike.ba/,,,0,0,1,,
ChIJIw3QkRfJWEcR7apfPy6ayj4,nextbike,Nextbike,Sarajevo,http://www.nextbike.ba/,,,0,0,1,,
ChIJPU3euizKWEcRHGpmsppknTI,nextbike,Nextbike,DžemalaBijedića,http://www.nextbike.ba/,,,0,0,1,,
ChIJvVoiznvJWEcRLMvdsdIyiOU,nextbike,Nextbike,Sarajevo,http://www.nextbike.ba/,,,0,0,1,,
ChIJ6QSb_gytXkcRV4nmrzoJMNc,nextbike,Nextbike,Tuzla,http://www.nextbike.ba/,,,0,0,1,,
ChIJaVSu69FSWUcRofd4vulrAnc,nextbike,Nextbike,Tuzla,http://www.nextbike.ba/,,,0,0,1,,
ChIJ0zUcJfjWZUcRqjHUiGwWHwE,nextbike,Nextbike,Zagreb,http://nextbike.hr/,,,0,0,1,,
ChIJl6s_4-PWZUcRYy9kpUqHakU,nextbike,NextBike STATION,Zagreb,http://nextbike.hr/,,,0,0,1,,
ChIJr0kVAbpgZkcRDFZHORv8KYo,nextbike,Nextbike Naftalan,Ivanić Grad,http://nextbike.hr/,,,0,0,1,,
ChIJHe9VAxqTY0cR2gKkffi2h28,nextbike,Brinje Nextbike,Brinje,http://www.visitbrinje.hr/biciklisticke-staze/,,,0,0,1,,
ChIJ3c0GJnDuShMRZfaZhiR44b4,nextbike,NextBike,Makarska,,,,0,0,1,,
ChIJ40KTWqVgZkcRCRJn4HzJkG8,nextbike,Rent-a-bicycle,Ivanić Grad,http://www.nextbike.hr/,,,0,0,1,,
ChIJ84jBhMsRW0cRZ9lR-KEhu_k,nikicnovisad,Bicikl Servis Nikic,Novi Sad,,,,1,1,0,,
ChIJj-fAQNRUb0cR8SPR7VQ8DpQ,panexdinamic,Panex Dinamic,Varaždin,http://web.dinamic.hr/,,,,,,ovo je sada dinamic.hr,
ChIJG3v_mxytaEcRbyo8VThCnsQ,panexdinamic,Panex Dinamic,Čakovec,http://www.dinamic.hr/,https://www.facebook.com/panex.dinamic,"Rock Machine, Scott, Spring, WOB",1,1,0,"ima jos trgovina i servisa: http://dinamic.hr/trgovine-servisi/   Zagreb
Čakovec
Koprivnica
Nedelišće
Varaždin 1
Varaždin 2
Virovitica","Shimano, VELO, Zoom, Remerx, Schwalbe, Mitas(Rubena), Promax, KMC, M-WAVE, CHAKY,  Scott, MONTE GRAPPA, Trelock, Sigma, Syncros, Ventura, SAXONIA"
ChIJJXrRJL2taEcRw1Cr3u0h0ck,panexdinamic,Panex Dinamic,Čakovec,http://web.dinamic.hr/,,,1,1,0,ovo je sada dinamic.hr,
ChIJ0fH-fgMnZkcRdeWIGPGphFs,panexdinamic,Panex Dinamic,Koprivnica,http://www.dinamic.hr/,https://www.facebook.com/panex.dinamic,,1,1,0,,
ChIJ94Guo_TqZ0cRkPNDEEq8Z4s,panexdinamic,Panex Dinamic,Virovitica,http://www.dinamic.hr/,https://www.facebook.com/panex.dinamic,,1,1,0,,
ChIJo6wcOmd2WkcREBnFED7OTTo,paralexrs,Paralex,Leštane,http://paralex.rs/,,"CAPRIOLO, PLANET BIKE, VENERA BIKE",1,1,0,"Ima jos jedna radnja: Bicikl Servis Centar
Bulevar Revolucije 20, preko puta tri tiganja
11130 Kaluđerica",
ChIJWfzq3OZdNRMRipn61_SOxhY,pelotonhr,Peloton centar,Split,http://www.peloton.hr/,https://www.facebook.com/BiciklistickiCentarPeloton," DEDACCIAI STRADA, Dema, FOCUS, Merida, Wilier,  Kalkhoff, Salsa, Rog  ",1,0,0,Pise da imaju radnju i u ZG: http://www.peloton.hr/hr/content/4-o-nama,"MICHELIN, SCHWALBE, IMPAC,KENDA, GIANT, SELLE SAN MARCO, ORTLIEB, TUBUS, RACKTIME,MAVIC, GLORYFY, BRIKO, LONGUS, BASIL, HAMAX,VELO, RUBENA, ENDURA, FORCE, NOVATEC, REMERX, MAVIC, LIMAR"
ChIJGT6KwmLOfEcRjWgPGYG4SQE,perojhr,Bike Peroj,Peroj,http://www.bike-peroj.hr/,https://www.facebook.com/BIKEPEROj,"Cube, Giant, Ghost, Scott",1,1,0,,"Maxxis, Schwalbe, Continental, Rubena, XLC, Shimano, SRAM, FSA, Neco, Alpina, Cratoni, Limar, Shimano, Hayes, Alligator, Promax, Fox, SR Suntour, Rock Shox, Manitou, RST"
ChIJSZCbEuRvWkcRw8xL_w90uBk,piranabg,Cici Bike - Servis Pirana,Beograd,,https://www.facebook.com/pirana.bike,,0,1,0,,
ChIJE2clQux-WkcRgHabeu1229U,planetbike,Fanatic Sport,Pan?evo,,,,1,1,0,,
ChIJ9xkbHeAgV0cRpCsywob438M,planetbike,Kole,Kragujevac,,https://www.facebook.com/biciklisticka.radnjakole,,1,1,0,brisati,
ChIJc5yMDhTJWEcRO8CjqDs9sHY,planetbike,Planet Bike,Sarajevo,http://www.planetbike.ba/,https://www.facebook.com/PlanetBikeBIH,"Scott, Cannondale, Electra, Polar, Alpina, Booster",1,0,0,,"Shimano, Ritchey, Fizik, Continental, DT Swiss, Zefal, Cat Eye, Uvex, Scott, Northwave, Polisport, Elite"
ChIJ6yPoeYpvWkcRkW8LhnUlT9E,planetbike,Planet Bike,Beograd,http://www.planetbike.rs/,https://www.facebook.com/PlanetBikeBeograd,"Scott, Cannondale, Electra, Polar, Alpina, Booster",1,1,1,"imaju jos radnji u NSadu, Nisu...  http://planetbike.rs/gde-kupiti/","Shimano, Ritchey, Fizik, Continental, DT Swiss, Zefal, Cat Eye, Uvex, Scott, Northwave, Polisport, Elite, Brooks, Herrmans, PRO, Syncros, Velo, Zoom, Promax, Baradine, Jagwire, KMC, Suntour, Wheel Top, Fox, Selle Bassano, Selle Montegrappa, Selle Royal, Deestone, DSI, Kenda, Ponely, Trelock,  "
ChIJbdO0YHJlWkcRSM9zQMrkqrk,planetbike,Planet Bike,Belgrade,http://www.planetbike.rs/,,,1,1,0,,
ChIJuwGER7V6WkcRC34SsBzlHrs,planetbike,Planet bike,Profibike priboj,,,,1,1,0,,
ChIJif-QpuhxWkcRucKHRqri7So,planetbike,Planet Bike,Grad Beograd,,,,1,1,0,,
ChIJeXJYw7CwVUcRx33AQFh9hso,planetbike,Planet Bike,Niš,http://planetbike.rs/,,,1,1,0,,
ChIJy50DIEQQW0cRE-YgrCVVHD0,planetbike,Planet Bike,Novi Sad,http://www.planetbike.rs/,,,1,1,0,,
ChIJfSop1UNyV0cRzfQALLq13TY,planetbike,Planet Bike,Čačak,http://www.planetbike.rs/,,,1,1,0,,
ChIJ6QL7SswgV0cR5UohG-Hj-WI,planetbike,Bike MV Sport,Kragujevac,http://www.bikemvsportkg.com/,https://www.facebook.com/Biciklisticka-radnja-BikeMv-Sport-786677868097359/,"Shimano, SRAM, Scott",1,1,0,,
ChIJd3waPPsAV0cR1A-gDZmyTxM,planetbike,Masterbike,Raški okrug,,https://www.facebook.com/masterbike.kraljevo,,1,1,0,,
ChIJiSzP_NMiVUcRls6wfqiXkpA,planetbike,Bike Igic,Pirotski county,,https://www.facebook.com/groups/103414606361856/,,1,1,0,,
ChIJoQVPgH1oVkcR05t8Gzjd1-c,planetbike,Tip-Top,Aleksandrovac,,https://www.facebook.com/Tip-Top-162959377570384/,,1,1,0,,
ChIJCeTbjUiVU0cRWGA3ELpAaTc,planetbike,T Bike,Неготин,http://www.panoramio.com/photo/37560279,,,,,,,
ChIJ_YYoy3gXWEcR2G0OAzwR9bc,planetbike,Profibike,Прибој,,,,1,1,0,,
ChIJc3hkY9qkW0cRXt9h1B2puv0,planetbike,BICIKL CENTAR RADULOVIC,Sremska Mitrovica,,https://www.facebook.com/groups/biciklcentar/,,1,1,0,,
ChIJj0ASXLBYVkcRq8LENuixDDc,planetbike,SZTR PROFY BIKE,Kraljevo,,https://www.facebook.com/SztrProfyBike/,,1,1,0,,
ChIJmS2ccm3bWkcRERBtjEgYeHg,planetbike,Polar Bike,Srednje-banatski county,,,,1,1,0,,
ChIJ3VyiKx-DV0cRQnDr4Fleeec,planetbike,Profi Bike,Arilje,,,,1,1,0,,
ChIJg5EbZdneREcRdQAS-ZM0J0M,planetbike,Sebastian,Kikinda,,,,1,1,0,,
ChIJ69eQIOEgV0cRjQHoGmNzeSU,planetbike,Kole,Kragujevac,,https://www.facebook.com/biciklisticka.radnjakole,"Cross, Capriolo, Scout, Visitor, Explorer",1,1,0,,
ChIJQWrNeAcSW0cRcJfuDkhs160,planetbike,Bicikl-Centar Blesa,Juzno-backi county,,,,1,1,0,,
ChIJmePIozCDV0cRes04ZueO9l4,"planetbike, capriolo",Lukovic,Zlatiborski okrug,,,,1,1,0,,
ChIJHUMGKVmJVkcR2nOq-8By8-M,"planetbike, capriolo",Bicikl,Rasinski county,,,,1,1,0,,
ChIJzw_9yI61XEcRf0puGkMV534,"planetbike, capriolo",Meksiko,Sombor,http://www.meksiko.co.rs/,https://www.facebook.com/meksiko.bicikli/,,1,1,0,,
ChIJBYNSJUXTWUcR8R7850HRXyA,"planetbike, capriolo",Milivoja-Bike,Užice,http://www.milivoja-bike.com/,,,1,1,1,,
ChIJ110iECnfREcR8o09kd50Er0,"planetbike, capriolo",Apollo Bike,Kikinda,http://apollobike.rs/,https://www.facebook.com/Apollo-Bike-254980714585097/,,1,1,0,,
ChIJly-kmSUQW0cRAaNJ7VNtVbs,"planetbike, capriolo",Invicta Bikeshop,Novi Sad,http://invictabike.rs/,https://www.facebook.com/invictabike,,1,1,0,,
ChIJT1aS16F6WkcRrSQOpjY6RnE,probikebeograd,Pro Bike,Beograd,http://www.probike.rs/,https://www.facebook.com/probikebeograd,"GT, Cross, Polar, Scout, Trek, Ultra, Visitor, Alpina, Capriolo",1,1,0,,"ABUS, Avid, AXA, Bassano, BBB, Bellelli, Bike Hand, Cateye, Continental, Cross, CST, Cyclo Tools, Cyclone,  DT Swiss, Elite, Endura, Ergon, Garmin,  Giyo,  Jagwire, KENDA, KMC, Limar, Mavic, Merida, Michelin, NORTHWAVE, Polisport, PRO, PROMAX, Ritchey, Rock Shox, Schwalbe, Selle royal, Shimano, Sigma, SKS, Specialized, SRAM, Suntour,  Topeak, Uvex, Velo, VP Components, Zefal, Zoom
"
ChIJTdp2vozhXkcRIysmmmQhUak,probikezenica,PRO-BIKE Zenica,Zenica,,https://www.facebook.com/probikezenica/,,,,,PRESKOCI,
ChIJ8WDuN_gAV0cRoY2QSIOGTXg,promosportrs,Promo Sport,Kraljevo,,,,,,,,
ChIJaf7M3PgRW0cRNKf4OT9bKgo,prosportrs,PRO SPORT,Veternik,http://www.prosport.rs/,,"Capriolo, Scout, Adria, Explorer",1,1,0,,
ChIJfa5wBxrnXEcRW_ozFZsqUGE,proteasport,Protea-Sport,Osijek,http://proteasport.com/,https://www.facebook.com/ProteaSport/,"GT, Kross, Specialized
",1,1,0,"ima u Zagrebu, Rijeci i Osijeku: https://www.proteasport.hr/kontakt","Kross, SHIMANO, Rubena, Specialized,  TOPEAK,  CRANK,  SUUNTO, DARSON,  ABUS, CamelBak, OSPREY"
ChIJ-71I5U3WZUcRrY7M5LBRfgQ,proteasport,Protea-Sport - Specialized concept store,Zagreb,http://www.proteajaska.com/,,,,,,ovo je ova ista kao prethodna samo u ZG i promijenjena je web stranica,
ChIJhaYoqQ9eNRMRnUiBSpNwb_w,rentabike1,RENT a BIKE in SPLIT Croatia : split.bike,Split,http://rent-fun-bike-split.com/en/home/,https://www.facebook.com/rent.bike.split/,,0,0,1,,
ChIJ_TUNDL18Y0cRI-r2AaI-vTs,rentabike10,RENT A BIKE,Dramalj,http://bikepointcrikvenica.com/,https://www.facebook.com/bikepointcrikvenica/,,0,0,1,,
ChIJx_LraJHAfEcRbRVBwAofHPc,rentabike11,Rent A Bike RM,Rovinj,http://www.rmgroup.hr/,,,0,0,1,,
ChIJyVWtXDYsY0cRzePznvrr3u8,rentabike12,Bike rentals PULA,Ližnjan,http://www.rentabikepula.com/en/index.php,https://www.facebook.com/brb.sport,,0,0,1,,
ChIJe720Swb1YUcRXLrZW3dyNXs,rentabike13,rent a bike Zaton,Nin,https://rentabikenin.wixsite.com/zadar,https://www.facebook.com/rentabikenin/,,0,0,1,,
ChIJEc6hfRsiYkcRLJr68FBR9KI,rentabike14,Rent A Bike Tomic,Vir,https://www.facebook.com/rentabikevir/,,,0,0,1,,
ChIJCxFnRsYCYkcR1sQY_qHw9Cs,rentabike15,Rent a bike GAMA,Ugljan,,,,0,0,1,,
ChIJFQPEhVlnNRMR5NtRfsRdjLw,rentabike16,Rent a bike Souvenir Shop Zana,Split,,,,0,0,1,,
ChIJ6dqp7TaYShMR4oN4i5c7VVg,rentabike17,Rent A Bike Bubu,Omiš,https://www.facebook.com/RentaScooterBikeOmis/,,,0,0,1,,
ChIJ4cKalp6AShMRp4vkjeBL8UU,rentabike18,Rent a Bike & Scooter `PARK` Stari Grad Otok Hvar,Stari Grad,,,,0,0,1,,
ChIJ8SXfA5TAfEcRZUhoTlelAIc,rentabike2,Rent A Bike,Rovinj,http://www.rovinj-rent-scooter-bike.com/,https://www.facebook.com/rent.rovinj.lucky,,0,0,1,,
ChIJqQkoPwb1YUcRgC8wVtugbGQ,rentabike3,rent a bike Nin,Nin,https://rentabikenin.wixsite.com/zadar,https://www.facebook.com/rentabikenin,,0,0,1,,
ChIJhU3F9tiqaEcRRjU6W8TC-HA,rentabike4,Rent a bike,Varaždin,,,,0,0,1,,
ChIJ19DTZJYrY0cRsKKn1aMYJ2w,rentabike5,RENT - A - BIKE,Premantura,,https://www.facebook.com/RENT-A-BIKE-Premantura-917457535047303,,0,0,1,,
ChIJY3E1FbkrY0cReJCkej5x6Mk,rentabike6,RENT A BIKE - Bike Spot Kamenjak,Premantura,http://www.bikespot.com.hr/,https://www.facebook.com/bikespotistra,,0,0,1,,
ChIJEXt8_VhvY0cRRpQynrYuy0M,rentabike7,Rent a Bike Malinska,Malinska,,https://www.facebook.com/MalinskaBikeRental,,0,0,1,,
ChIJd2GFELV8Y0cRxOfxgq7EsKs,rentabike8,RENT A BIKE,Dramalj,http://bikepointcrikvenica.com/,https://www.facebook.com/bikepointcrikvenica/,,0,0,1,,
ChIJXRPjnwKhZEcR086rPGxMRMY,rentabike9,Rent a bike BRI,Rijeka,,http://fb.me/bri.rental,,0,0,1,,
ChIJW95viSihZEcRCLHv5a6lHG4,ribike,RI bike shop&service,Rijeka,http://www.ri-bike.hr/,https://www.facebook.com/ri.bike.shop.and.service,"Cube, Orbea, Ridley, Jumpertrek, Silverback, Cinzia, Atala, Look, Brompton, Tern",1,1,1,imaju puno opreme i katastrofa web shop,"Thule, Campagnolo, Velo, RFR, Shimano, SRAM, Look,  Zipp, Fulcrum, Selle Italia, Cube, RockShox,  Cinelli,  San Marco, Prologo, Regale, Neos, Kenda, Michelin, Schwalbe, Topeak....."
ChIJt1kTXxQQW0cR9zotYcgjQ2c,riscycling,Ris Cycling,Novi Sad,http://www.ris-cycling.com/,https://www.facebook.com/RisCyclingBikeShop,"ALPINA, CANNONDALE, CAPRIOLO, MERIDA, POLAR, SCOTT, SCOTT Custom ",1,1,0,imaju dvije radnje u NSadu http://www.ris-cycling.com/kontakt/,"ABUS, BELLELLI, BROOKS, CAMELBAK CAPRIOLO, CAT EYE, COBRA, CONTINENTAL, CYCLEOPS, FAVORIT, FOX, GARMIN, GIYO, HERRMANS, HW, JOE`S NO FLATS, KNOG, KRYPTON, LE TOUR DE FRANCE, LIZARD SKINS, LUMA, MARIKO, MASTER LOCK, MENABO, MERIDA, PEPE, PRO, PROMAX, PSP, RITCHEY, RSP, SALEWA, SARIS, SCOTT, SELLE BASSANO, SELLE ROYAL, SHAMAN, SIGMA SPORT, SKS, SMART, SRAM, SYNCROS, TACX, THULE, TOPEAK, TRELOCK, VELO, VP, WEDTITE, X-PLORER, XC LIGHTS, XLC, YUEN I, ZEFAL, ZIPP, ZOOM, SR SUNTOUR, ROCK SHOX, AVID, DT SWIS,S FORMULA, JAGWIRE, SHIMANO, XLC, KMC, YBN, CANNONDALE, TRUVATIV, UNO, PROWHEEL, EXUS, FEIMIN, LOOK, WELLGO, DSI, GEAX, KENDA, MICHELIN, MITAS, RUBENA, SCHWALBE, VITTORIA    "
ChIJ50m17-_WZUcRVshhQ_qpHWI,rogjoma,Rog Joma,Zagreb,http://www.rog-joma.hr/,https://www.facebook.com/rog.joma,"TREK, FUJI, ROG JOMA, BREEZER",1,1,0,u ZG imaju dvije radnje koje prodaju bicikle i opremu i jedna posebna samo za servis: https://www.rog-joma.hr/prodavaonice.php,"KENDA, BONTRAGER, CONTINENTAL, TRAYAL, VEE RUBBER, SCHWALBE, CST, VEECO, MITAS, MARZOCCHI, BASIC, VENTURA, MIGHTY, ZOOM, M-WAVE, BNTD, BONTRAGER, TREK, BLACK LABEL, NECO, VP COMPONENTS, RST, CANE CREEK, WOODMAN, SPINNER,  UNIS, SHIMANO, SKS GERMANY, BNTD, BONTRAGER, BLACK LABEL, SR SUNTOUR, FLINGER, NECO, ICON, FIZIK, BROOKS ENGLAND, SELLE ROYAL, VELO, HUGGY, THULE, ALLIGATOR, JAGWIRE, SACCON, TOUR DE FRANCE, KIDZAMO, SMART, TORCH, VELOMANN, ANLUN, KNOG, BONIN, MOON, CAMELION, TOPEAK, SAXONIA, LOOK, WELLGO, HTI, EXUSTAR, MKS, GIPIEMME, NRC, SRAM, MAGNUM, ONGUARD, KALI PROTECTIVES, BELLELLI, VDO CYCLING, PANASONIC, GARMIN, PROMAX, DT SWISS, KMC, AVID, ZOOM
"
ChIJr6WwFGX6YUcRlZx46qzq4lk,rogjoma,Rog Joma,Zadar,http://www.rog-joma.hr/,https://www.facebook.com/rog.joma,"TREK, FUJI, ROG JOMA, BREEZER",1,1,0,,"KENDA, BONTRAGER, CONTINENTAL, TRAYAL, VEE RUBBER, SCHWALBE, CST, VEECO, MITAS, MARZOCCHI, BASIC, VENTURA, MIGHTY, ZOOM, M-WAVE, BNTD, BONTRAGER, TREK, BLACK LABEL, NECO, VP COMPONENTS, RST, CANE CREEK, WOODMAN, SPINNER,  UNIS, SHIMANO, SKS GERMANY, BNTD, BONTRAGER, BLACK LABEL, SR SUNTOUR, FLINGER, NECO, ICON, FIZIK, BROOKS ENGLAND, SELLE ROYAL, VELO, HUGGY, THULE, ALLIGATOR, JAGWIRE, SACCON, TOUR DE FRANCE, KIDZAMO, SMART, TORCH, VELOMANN, ANLUN, KNOG, BONIN, MOON, CAMELION, TOPEAK, SAXONIA, LOOK, WELLGO, HTI, EXUSTAR, MKS, GIPIEMME, NRC, SRAM, MAGNUM, ONGUARD, KALI PROTECTIVES, BELLELLI, VDO CYCLING, PANASONIC, GARMIN, PROMAX, DT SWISS, KMC, AVID, ZOOM
"
ChIJbyvPVPxdNRMR6D0FruK1plg,rogjoma,Rog Joma,Split,http://www.rog-joma.hr/,https://www.facebook.com/rog.joma,"TREK, FUJI, ROG JOMA, BREEZER",1,0,0,,"KENDA, BONTRAGER, CONTINENTAL, TRAYAL, VEE RUBBER, SCHWALBE, CST, VEECO, MITAS, MARZOCCHI, BASIC, VENTURA, MIGHTY, ZOOM, M-WAVE, BNTD, BONTRAGER, TREK, BLACK LABEL, NECO, VP COMPONENTS, RST, CANE CREEK, WOODMAN, SPINNER,  UNIS, SHIMANO, SKS GERMANY, BNTD, BONTRAGER, BLACK LABEL, SR SUNTOUR, FLINGER, NECO, ICON, FIZIK, BROOKS ENGLAND, SELLE ROYAL, VELO, HUGGY, THULE, ALLIGATOR, JAGWIRE, SACCON, TOUR DE FRANCE, KIDZAMO, SMART, TORCH, VELOMANN, ANLUN, KNOG, BONIN, MOON, CAMELION, TOPEAK, SAXONIA, LOOK, WELLGO, HTI, EXUSTAR, MKS, GIPIEMME, NRC, SRAM, MAGNUM, ONGUARD, KALI PROTECTIVES, BELLELLI, VDO CYCLING, PANASONIC, GARMIN, PROMAX, DT SWISS, KMC, AVID, ZOOM
"
ChIJl9Mlg8OqaEcRJywrXsaZOKc,rogjoma,Rog Joma,Varaždin,https://www.rog-joma.hr/,https://www.facebook.com/rog.joma,"TREK, FUJI, ROG JOMA, BREEZER",1,1,0,,"KENDA, BONTRAGER, CONTINENTAL, TRAYAL, VEE RUBBER, SCHWALBE, CST, VEECO, MITAS, MARZOCCHI, BASIC, VENTURA, MIGHTY, ZOOM, M-WAVE, BNTD, BONTRAGER, TREK, BLACK LABEL, NECO, VP COMPONENTS, RST, CANE CREEK, WOODMAN, SPINNER,  UNIS, SHIMANO, SKS GERMANY, BNTD, BONTRAGER, BLACK LABEL, SR SUNTOUR, FLINGER, NECO, ICON, FIZIK, BROOKS ENGLAND, SELLE ROYAL, VELO, HUGGY, THULE, ALLIGATOR, JAGWIRE, SACCON, TOUR DE FRANCE, KIDZAMO, SMART, TORCH, VELOMANN, ANLUN, KNOG, BONIN, MOON, CAMELION, TOPEAK, SAXONIA, LOOK, WELLGO, HTI, EXUSTAR, MKS, GIPIEMME, NRC, SRAM, MAGNUM, ONGUARD, KALI PROTECTIVES, BELLELLI, VDO CYCLING, PANASONIC, GARMIN, PROMAX, DT SWISS, KMC, AVID, ZOOM
"
ChIJPXhP5deqaEcRJxjtWWF1iew,rogjoma,Rog Joma,Varaždin,http://www.rog-joma.hr/,https://www.facebook.com/rog.joma,"TREK, FUJI, ROG JOMA, BREEZER",1,1,0,,"KENDA, BONTRAGER, CONTINENTAL, TRAYAL, VEE RUBBER, SCHWALBE, CST, VEECO, MITAS, MARZOCCHI, BASIC, VENTURA, MIGHTY, ZOOM, M-WAVE, BNTD, BONTRAGER, TREK, BLACK LABEL, NECO, VP COMPONENTS, RST, CANE CREEK, WOODMAN, SPINNER,  UNIS, SHIMANO, SKS GERMANY, BNTD, BONTRAGER, BLACK LABEL, SR SUNTOUR, FLINGER, NECO, ICON, FIZIK, BROOKS ENGLAND, SELLE ROYAL, VELO, HUGGY, THULE, ALLIGATOR, JAGWIRE, SACCON, TOUR DE FRANCE, KIDZAMO, SMART, TORCH, VELOMANN, ANLUN, KNOG, BONIN, MOON, CAMELION, TOPEAK, SAXONIA, LOOK, WELLGO, HTI, EXUSTAR, MKS, GIPIEMME, NRC, SRAM, MAGNUM, ONGUARD, KALI PROTECTIVES, BELLELLI, VDO CYCLING, PANASONIC, GARMIN, PROMAX, DT SWISS, KMC, AVID, ZOOM
"
,rogjoma,Rog Joma,Osijek,http://www.rog-joma.hr/,https://www.facebook.com/rog.joma,"TREK, FUJI, ROG JOMA, BREEZER",1,1,0,,"KENDA, BONTRAGER, CONTINENTAL, TRAYAL, VEE RUBBER, SCHWALBE, CST, VEECO, MITAS, MARZOCCHI, BASIC, VENTURA, MIGHTY, ZOOM, M-WAVE, BNTD, BONTRAGER, TREK, BLACK LABEL, NECO, VP COMPONENTS, RST, CANE CREEK, WOODMAN, SPINNER,  UNIS, SHIMANO, SKS GERMANY, BNTD, BONTRAGER, BLACK LABEL, SR SUNTOUR, FLINGER, NECO, ICON, FIZIK, BROOKS ENGLAND, SELLE ROYAL, VELO, HUGGY, THULE, ALLIGATOR, JAGWIRE, SACCON, TOUR DE FRANCE, KIDZAMO, SMART, TORCH, VELOMANN, ANLUN, KNOG, BONIN, MOON, CAMELION, TOPEAK, SAXONIA, LOOK, WELLGO, HTI, EXUSTAR, MKS, GIPIEMME, NRC, SRAM, MAGNUM, ONGUARD, KALI PROTECTIVES, BELLELLI, VDO CYCLING, PANASONIC, GARMIN, PROMAX, DT SWISS, KMC, AVID, ZOOM
"
,rogjoma,Rog Joma,Virovitica,http://www.rog-joma.hr/,https://www.facebook.com/rog.joma,"TREK, FUJI, ROG JOMA, BREEZER",1,1,0,,"KENDA, BONTRAGER, CONTINENTAL, TRAYAL, VEE RUBBER, SCHWALBE, CST, VEECO, MITAS, MARZOCCHI, BASIC, VENTURA, MIGHTY, ZOOM, M-WAVE, BNTD, BONTRAGER, TREK, BLACK LABEL, NECO, VP COMPONENTS, RST, CANE CREEK, WOODMAN, SPINNER,  UNIS, SHIMANO, SKS GERMANY, BNTD, BONTRAGER, BLACK LABEL, SR SUNTOUR, FLINGER, NECO, ICON, FIZIK, BROOKS ENGLAND, SELLE ROYAL, VELO, HUGGY, THULE, ALLIGATOR, JAGWIRE, SACCON, TOUR DE FRANCE, KIDZAMO, SMART, TORCH, VELOMANN, ANLUN, KNOG, BONIN, MOON, CAMELION, TOPEAK, SAXONIA, LOOK, WELLGO, HTI, EXUSTAR, MKS, GIPIEMME, NRC, SRAM, MAGNUM, ONGUARD, KALI PROTECTIVES, BELLELLI, VDO CYCLING, PANASONIC, GARMIN, PROMAX, DT SWISS, KMC, AVID, ZOOM
"
,rogjoma,Rog Joma,Koprivnica,http://www.rog-joma.hr/,https://www.facebook.com/rog.joma,"TREK, FUJI, ROG JOMA, BREEZER",1,0,0,,"KENDA, BONTRAGER, CONTINENTAL, TRAYAL, VEE RUBBER, SCHWALBE, CST, VEECO, MITAS, MARZOCCHI, BASIC, VENTURA, MIGHTY, ZOOM, M-WAVE, BNTD, BONTRAGER, TREK, BLACK LABEL, NECO, VP COMPONENTS, RST, CANE CREEK, WOODMAN, SPINNER,  UNIS, SHIMANO, SKS GERMANY, BNTD, BONTRAGER, BLACK LABEL, SR SUNTOUR, FLINGER, NECO, ICON, FIZIK, BROOKS ENGLAND, SELLE ROYAL, VELO, HUGGY, THULE, ALLIGATOR, JAGWIRE, SACCON, TOUR DE FRANCE, KIDZAMO, SMART, TORCH, VELOMANN, ANLUN, KNOG, BONIN, MOON, CAMELION, TOPEAK, SAXONIA, LOOK, WELLGO, HTI, EXUSTAR, MKS, GIPIEMME, NRC, SRAM, MAGNUM, ONGUARD, KALI PROTECTIVES, BELLELLI, VDO CYCLING, PANASONIC, GARMIN, PROMAX, DT SWISS, KMC, AVID, ZOOM
"
ChIJ6zy-DN3qTRMRYXLLHTy10hI,rubicon,Rubicon,Podgorica,http://www.rubiconshop.me/,https://www.facebook.com/rubicon.podgorica/?ref=br_rs,"Cross, Ultra, Devron",1,1,0,,"Rubber, CST, Kenda, Selle Monte Grappa, Velo, Selle Royal, Topeak, AVID, Jagwire, Lizard Skins"
ChIJwRaaVQ4DXkcRRTa-oZfEaYs,sokovicsport,Soković Sport,Banja Luka,https://www.sokovicsport.ba/,https://www.facebook.com/sokovicsport.ba/,"NAKITA, CUBE, POLAR, CROSS, ULTRA, STRIDA",1,1,0,," ALPINA, ASHIMA, CAMELBAK, CATEYE, CINZIA, CONTINENTAL, CROSS, Crosser,  CST, CUBE, DALBELLO, DARE 2b, E-BIKE, ELITE, FORCE, GBT, JAGWIRE, KENDA,KMC, MARWI,  POLISPORT, PROWHEEL, RFR, Rie:Sel, ROCES, ROSSIGNOL, SAN MARCO, SCOTT, SELLE MONTE GRAPPA, SHIMANO, SIXTEAM,  SRAM,  SUNTOUR, SYNCROS,  UNION, UVEX, VELO, VITTORIA, WTB, XLC, ZEFAL, ULTRA"
ChIJWdWB9cTXZUcR41Ra0Ve4E1Q,spinsport,SPIN SPORT,Zagreb,http://www.spinsport.hr/,https://www.facebook.com/SpinSport.Zagreb/,"Santa Cruz bicycles, Juliana bicycles",1,1,0,,
ChIJ5-g5BYahZEcRiR3cXnb7KQw,sportbikerijeka,Sport Bike Bicikli Čavle Rijeka,Čavle,http://www.sportbike.hr/,https://www.facebook.com/SportBikeCavle/,"Scott, Haibike,  Torpado, Dema, Nakxus, Giant, Cincia, Orbea",1,1,1,,"Byte, Continental, CST, Duro, Geax, kenda, Maxxis, Michelin, Schwalbe, Vittoria, SRAM, Shimano, Hayes, Promax, Jagwire, Zoom, KMC, YBN, Acor, Mighty, XLC, VP Components, Ergotec, Giant, Cube, Monte Grappa, Selle Italia ,Selle Royal, Velo, FSA, Da Bomb, Cannondale, Sigma, Giyo, Zefal, Thule"
ChIJ783Jd8VvWkcRf8LzO9VD-Ns,sportofis,Sportofis,Beograd,http://www.sportofis.com/,https://www.facebook.com/sportofis/,,1,1,0,"ne prodadju bicikla samo dijelove i opremu, i imaju servis","Force, Look, A-HEAD "
,sportshopbanjaluka,SPORT-SHOP ,Banja Luka,http://sportshopbl.net/,https://www.facebook.com/sportshopshimano/,"Scott, Cannondale, Alpina, Polar",1,1,0,,"Scott, Shimano, RITCHEY, SYNCROS, Northwave, Uvex"
ChIJm9MYm-xwWkcRCUufTRVdCYA,sunnyrs,Sunny Bike&Ski,Beograd,http://www.sunny.rs/,https://www.facebook.com/SunnyBike/,"Alpina, Polar, Booster",1,1,0,,"Shimano, Cateye, Zefal, Elite, Kenda"
ChIJHWDk2Qu_REcRCTi4ww8EvCc,tehnoguma,Tehnoguma-Promet,Severno-banatski county,,,,,,,BRISATI,
ChIJecfxpiDrTRMRAmJBEDniUSs,tempocg,Tempo,Podgorica,http://www.tempo.co.me/,https://www.facebook.com/tempocitykvart/,"Fast, Booster, Alpina,Polar, Scott, Cinzia, Jumpertrek",1,1,1,,"Alpina, Bellelli, CatEye, Cinzia, Continental, DT Swiss, Electra, Elite , Hao Tu, Jagwire,  Kenda, Menabo, Polar, Polisport, Prowheel, Schwalbe, Scott, Selle Montegrappa, Selle Royal, Syncros, Zefal
"
ChIJhbHXsK7nXEcRHj1VojxPdJM,tomoshr,Tom.Os,Osijek,http://www.tomos.hr/,https://www.facebook.com/TomOSijek/,"Felt, Cruiser, Pasarela, Capriolo, Jasmin, Balaton",1,1,0,,
ChIJu62wQs9mQ0cRZKl7heejlOQ,totalbike,TotalBike.rs,Subotica,http://www.totalbike.rs/,https://www.facebook.com/pg/totalbike/about/?ref=page_internal,"Capriolo, Adria, Cube, Merida",1,1,0,,"Shimano, CN, Truvativ, KryptonX, Sram, Wellgo, Feimin, VP Components, KMC, Velosteel, Mavic, Novatec, Mitas-Rubena, Michelin, Wanda Tyre, 
Zipp, Slime, Power, Tour de France, Avid, Promax, Logan, Tektro, Capriolo, DDK, Selle Monte Grappa, Selle Royal, SR Suntour, Rock Shox, Logan, Prowell, Bonin, Bellelli,  Sigma, Garmin, ABAC
"
ChIJPYkcg23JWEcRlf92JQqlY4U,trekbikebhpromo,Trek Bike Center,Sarajevo,http://www.bicikla.ba/,https://www.facebook.com/trekbikecentarsarajevo/,,,,,PRESKOCI,
ChIJtTX69xTJWEcRFEPQfJdvMcI,unis,UNIS,Sarajevo,http://www.bicycles.unis.ba/,https://www.facebook.com/Unis-bicikli-sarajevo-137347676433954/,,,,,PRESKOCI,
ChIJsRBOVSMQW0cRoJzBhq0lpx4,vector,Vector,Novi Sad,http://www.vector-bikes.com/prodaja,,"Vector, Kellys, Capriolo, Cross",1,1,0,,
ChIJ6ctov04QW0cRkyWzMVpUHao,vector,Vector,Novi Sad,http://www.vector-bikes.com/prodaja,,"Vector, Kellys, Capriolo, Cross",1,1,0,,
ChIJZykqUaUUUEcRCtbRJ0jrXsg,zlatnitocak,Zlatni Tocak,Južno-banatski okrug,http://www.zlatnitocak.rs/,https://www.facebook.com/Zlatni-Tocak-Bike-Fitnes-Shop-303475516354060/," Scott, Kettler, Polar, Alpina, Capriolo",1,1,1,,"Adjoin, Adria, Alpina, ARC, Avid, Baradine, Bellelli , Bergamont, Body Sculpture, Booster, Camelbak , Campagnolo , Cannondale, Capriolo, Cateye, Cober, Continental , Corratec, Cross, CST, Deuter, DSI, Dynamix, e-bIKE, Elite, EyeLevel, fizik, Garmin, Giant, Giyo, GoPro, Grand Star, Gym Fit, Jagwire, Kenda, Kettler, LaPlaya, Le Tour de France , Luma, Menabo, Merida, Michelin, Mitas Rubena, Nortwave, O-GNS, Polar, Polisport, Power, Profex, PROMAX, Prowell, Relax, Ring Sport , Ritchey, Rock Shox, RST, Schwalbe, Scott, Scout, Selle Bassano, Selle Montegrappa, Selle Royal, Shimano , Sigma, SKS, Sport 2000, Sram, Suntour, Syncros, TDF, Thema sport, Tour de France, Tranz X, Trelock, Truvativ, Uvex, VB-1, Velo, VeneraBike, Weldtite, Yueni, Zefal, ZOO,Mavic, Rithey, Schwalbe, Continental, Cateye, Sigma, Body Sculpture"
ChIJEwS69mZ6WkcRxK2BoEp2AbA,na,Moj bicikl doo,Beograd,http://www.mojbicikl.rs/,,,1,1,0,ovi sastavljaju gradska bicikla,
ChIJk1089gzvUEcRZw0qT8lofbc,na,Staco,Požarevac,http://www.staco.rs/,,,1,1,0,,
ChIJw31IhBx_V0cRG9up_5qzneY,na,Gojkovic,Zlatiborski county,,,,1,1,0,,
ChIJzbPc3-PKW0cRSp0Mjp02rQo,na,Tandem Kid,Šabac,,,,1,1,0,,
ChIJswPvCsY9W0cRNOlDtrvxFuA,na,Panter - Sport,Južno-bački okrug,,,,1,1,0,,